{
  "properties": {
    "connectionReferences": {
      "shared_wordonlinebusiness": {
        "runtimeSource": "embedded",
        "connection": {
          "connectionReferenceLogicalName": "govc_sharedwordonlinebusiness_d93d4"
        },
        "api": {
          "name": "shared_wordonlinebusiness"
        }
      },
      "shared_sharepointonline": {
        "runtimeSource": "embedded",
        "connection": {
          "connectionReferenceLogicalName": "govc_sharedsharepointonline_7e7c6"
        },
        "api": {
          "name": "shared_sharepointonline"
        }
      },
      "shared_commondataserviceforapps": {
        "runtimeSource": "embedded",
        "connection": {
          "connectionReferenceLogicalName": "crba7_sharedcommondataserviceforapps_746a0"
        },
        "api": {
          "name": "shared_commondataserviceforapps"
        }
      },
      "shared_office365": {
        "runtimeSource": "embedded",
        "connection": {
          "connectionReferenceLogicalName": "new_sharedoffice365_5d239"
        },
        "api": {
          "name": "shared_office365"
        }
      }
    },
    "definition": {
      "$schema": "https://schema.management.azure.com/providers/Microsoft.Logic/schemas/2016-06-01/workflowdefinition.json#",
      "contentVersion": "1.0.0.0",
      "parameters": {
        "$connections": {
          "defaultValue": {},
          "type": "Object"
        },
        "$authentication": {
          "defaultValue": {},
          "type": "SecureObject"
        }
      },
      "triggers": {
        "When_a_row_is_added,_modified_or_deleted": {
          "metadata": {
            "operationMetadataId": "8f9e56f0-4774-4bb7-a980-f36181b1e481"
          },
          "type": "OpenApiConnectionWebhook",
          "inputs": {
            "host": {
              "connectionName": "shared_commondataserviceforapps",
              "operationId": "SubscribeWebhookTrigger",
              "apiId": "/providers/Microsoft.PowerApps/apis/shared_commondataserviceforapps"
            },
            "parameters": {
              "subscriptionRequest/message": 3,
              "subscriptionRequest/entityname": "govc_jobapplication",
              "subscriptionRequest/scope": 4,
              "subscriptionRequest/filteringattributes": "govc_applicantdeclaration"
            },
            "authentication": "@parameters('$authentication')"
          },
          "conditions": []
        }
      },
      "actions": {
        "Create_Word_Document_from_Word_Template": {
          "runAfter": {
            "Compose_Signature_Object": [
              "Succeeded"
            ]
          },
          "metadata": {
            "01GGKPP4IDPLR6LMP6PJB3QPTUXTUAEAIW": "/Z83 Word Template 2001 for Flow.docx",
            "operationMetadataId": "76a6c483-79b9-4b04-ae0b-55197bbf4f0a"
          },
          "type": "OpenApiConnection",
          "inputs": {
            "host": {
              "connectionName": "shared_wordonlinebusiness",
              "operationId": "CreateFileItem",
              "apiId": "/providers/Microsoft.PowerApps/apis/shared_wordonlinebusiness"
            },
            "parameters": {
              "source": "sites/d365demotss243869.sharepoint.com,8280c935-2d5c-484d-91e9-ec9a8abede7b,b2b5c491-9ef7-4b45-871e-69f1c7663792",
              "drive": "b!NcmAglwtTUiR6eyair7ee5HEtbL3nkVLhx5p8cdmN5IaccKKyHCMQqMOxN1_MVHT",
              "file": "01GGKPP4IDPLR6LMP6PJB3QPTUXTUAEAIW",
              "dynamicFileSchema/106712927": "@if(equals(triggerOutputs()?['body/govc_relinquishbusinessinterests'],true),'Yes','No')",
              "dynamicFileSchema/161511248": "@outputs('Compose_Signature_Object')",
              "dynamicFileSchema/229591704": "@triggerOutputs()?['body/govc_nationality']",
              "dynamicFileSchema/408507999": "@triggerOutputs()?['body/govc_idnumber']",
              "dynamicFileSchema/493920691": "@if(equals(triggerOutputs()?['body/govc_resignedpendingdisciplinary'],true),'Yes','No')",
              "dynamicFileSchema/544259138": "@variables('QualificationsArray')",
              "dynamicFileSchema/579181762": "@triggerOutputs()?['body/govc_officialregistrationregno']",
              "dynamicFileSchema/594978932": "@triggerOutputs()?['body/govc_pendingcasedetails']",
              "dynamicFileSchema/691881504": "@triggerOutputs()?['body/govc_retiredduetohealthdetails']",
              "dynamicFileSchema/723410281": "@if(equals(triggerOutputs()?['body/govc_disability'],true),'Yes','No')",
              "dynamicFileSchema/821157395": "@triggerOutputs()?['body/govc_passportnumber']",
              "dynamicFileSchema/900486442": "@{triggerOutputs()?['body/govc_conditiondeptname']} - @{triggerOutputs()?['body/govc_natureofconditionreappointment']}",
              "dynamicFileSchema/1087106126": "@if(equals(triggerOutputs()?['body/govc_pendingdisciplinarycase'],true),'Yes','No')",
              "dynamicFileSchema/1093510161": "@triggerOutputs()?['body/_govc_anticipatedstarttime_label']",
              "dynamicFileSchema/1226260458": "@triggerOutputs()?['body/_govc_gender_label']",
              "dynamicFileSchema/1245835385": "@triggerOutputs()?['body/govc_dismissedfrompublicservicedetails']",
              "dynamicFileSchema/1298646234": "@{triggerOutputs()?['body/govc_currentstudyinstitute']}, @{triggerOutputs()?['body/govc_currentstudyqualification']}",
              "dynamicFileSchema/1383752901": "@if(equals(triggerOutputs()?['body/govc_zacitizen'],true),'Yes','No')",
              "dynamicFileSchema/1437563045": "@triggerOutputs()?['body/govc_email']",
              "dynamicFileSchema/1483430117": "@triggerOutputs()?['body/govc_pendingdisciplinarycasedetails']",
              "dynamicFileSchema/1593741076": "@triggerOutputs()?['body/_govc_preferredcorrespondencelanguage_label']",
              "dynamicFileSchema/1654949580": "@triggerOutputs()?['body/govc_resignedpendingdisciplinarydetails']",
              "dynamicFileSchema/1669218552": "@if(equals(triggerOutputs()?['body/govc_pastcriminaloffice'],true),'Yes','No')",
              "dynamicFileSchema/1792173023": "@if(equals(triggerOutputs()?['body/govc_pendingcriminalcase'],true),'Yes','No')",
              "dynamicFileSchema/1937240614": "@if(equals(triggerOutputs()?['body/govc_businesswithstate'],true),'Yes','No')",
              "dynamicFileSchema/1975483715": "@triggerOutputs()?['body/_govc_ethnicity_label']",
              "dynamicFileSchema/1999145427": "@triggerOutputs()?['body/govc_criminaloffencedetails']",
              "dynamicFileSchema/-1767141866": "@outputs('Get_Application_Related_Tables')?['body/govc_JobVacancy/govc_title']",
              "dynamicFileSchema/-754580013": "@outputs('Get_Application_Related_Tables')?['body/govc_JobVacancy/govc_referenceno']",
              "dynamicFileSchema/-307017254": "@triggerOutputs()?['body/govc_surname']",
              "dynamicFileSchema/-1430496058": "@triggerOutputs()?['body/govc_fullnames']",
              "dynamicFileSchema/-1768235263": "@triggerOutputs()?['body/govc_dateofbirth']",
              "dynamicFileSchema/-1520779263": "@if(equals(triggerOutputs()?['body/govc_validworkpermit'],true),'Yes','No')",
              "dynamicFileSchema/-837622882": "@if(equals(triggerOutputs()?['body/govc_dismissedfrompublicservice'],true),'Yes','No')",
              "dynamicFileSchema/-564176240": "@if(equals(triggerOutputs()?['body/govc_retiredduetohealth'],true),'Yes','No')",
              "dynamicFileSchema/-300694596": "@triggerOutputs()?['body/govc_businesswithstatedetails']",
              "dynamicFileSchema/-611207400": "@triggerOutputs()?['body/govc_yearsinprivatesector']",
              "dynamicFileSchema/-707879198": "@triggerOutputs()?['body/govc_yearsinpublicsector']",
              "dynamicFileSchema/-1906215098": "@triggerOutputs()?['body/govc_officialregistrationdate']",
              "dynamicFileSchema/-335232705": "@triggerOutputs()?['body/_govc_preferredcorrespondencemethod_label']",
              "dynamicFileSchema/-1954544604": "@triggerOutputs()?['body/govc_telephonenumber']",
              "dynamicFileSchema/-2038965108": "@variables('LanguagesArray')",
              "dynamicFileSchema/-287512850": "@variables('ExperiencesArray')",
              "dynamicFileSchema/-1829502406": "@triggerOutputs()?['body/govc_conditiondeptname']",
              "dynamicFileSchema/-2046981578": "@variables('ReferencesArray')",
              "dynamicFileSchema/-2029630369": "@triggerOutputs()?['body/govc_applicantagreementdate']"
            },
            "authentication": "@parameters('$authentication')"
          }
        },
        "Convert_Word_Document_to_PDF": {
          "runAfter": {
            "Save_Word_Document_in_SharePoint": [
              "Succeeded"
            ]
          },
          "metadata": {
            "operationMetadataId": "1759e241-7225-4b09-aab6-2e9b2d07b352"
          },
          "type": "OpenApiConnection",
          "inputs": {
            "host": {
              "connectionName": "shared_wordonlinebusiness",
              "operationId": "GetFilePDF",
              "apiId": "/providers/Microsoft.PowerApps/apis/shared_wordonlinebusiness"
            },
            "parameters": {
              "source": "sites/d365demotss243869.sharepoint.com,8280c935-2d5c-484d-91e9-ec9a8abede7b,b2b5c491-9ef7-4b45-871e-69f1c7663792",
              "drive": "b!NcmAglwtTUiR6eyair7ee5HEtbL3nkVLhx5p8cdmN5IaccKKyHCMQqMOxN1_MVHT",
              "file": "@{variables('FileName')}.docx"
            },
            "authentication": "@parameters('$authentication')"
          }
        },
        "Initialize_FileName_Variable": {
          "runAfter": {},
          "metadata": {
            "operationMetadataId": "03b06ad2-7b77-4d5b-9f51-2e7d240c6c82"
          },
          "type": "InitializeVariable",
          "inputs": {
            "variables": [
              {
                "name": "FileName",
                "type": "string",
                "value": "@triggerOutputs()?['body/govc_reference']"
              }
            ]
          }
        },
        "Save_Word_Document_in_SharePoint": {
          "runAfter": {
            "Create_Word_Document_from_Word_Template": [
              "Succeeded"
            ]
          },
          "metadata": {
            "operationMetadataId": "2daaf124-2f90-4d48-8106-1d938a0cb65d"
          },
          "type": "OpenApiConnection",
          "inputs": {
            "host": {
              "connectionName": "shared_sharepointonline",
              "operationId": "CreateFile",
              "apiId": "/providers/Microsoft.PowerApps/apis/shared_sharepointonline"
            },
            "parameters": {
              "dataset": "https://d365demotss243869.sharepoint.com",
              "folderPath": "/Shared Documents",
              "name": "@{variables('FileName')}.docx",
              "body": "@body('Create_Word_Document_from_Word_Template')"
            },
            "authentication": "@parameters('$authentication')"
          },
          "runtimeConfiguration": {
            "contentTransfer": {
              "transferMode": "Chunked"
            }
          }
        },
        "Save_PDF_in_SharePoint": {
          "runAfter": {
            "Convert_Word_Document_to_PDF": [
              "Succeeded"
            ]
          },
          "metadata": {
            "operationMetadataId": "b1f5c6f5-0b71-401e-85f0-b5da02470ec3"
          },
          "type": "OpenApiConnection",
          "inputs": {
            "host": {
              "connectionName": "shared_sharepointonline",
              "operationId": "CreateFile",
              "apiId": "/providers/Microsoft.PowerApps/apis/shared_sharepointonline"
            },
            "parameters": {
              "dataset": "https://d365demotss243869.sharepoint.com",
              "folderPath": "/Shared Documents",
              "name": "@{variables('FileName')}.pdf",
              "body": "@body('Convert_Word_Document_to_PDF')"
            },
            "authentication": "@parameters('$authentication')"
          },
          "runtimeConfiguration": {
            "contentTransfer": {
              "transferMode": "Chunked"
            }
          }
        },
        "Get_Application_Related_Tables": {
          "runAfter": {
            "Initialize_Qualifications_Variable": [
              "Succeeded"
            ]
          },
          "metadata": {
            "operationMetadataId": "711ce232-7b9f-4ef7-aafe-c887caacbb7e"
          },
          "type": "OpenApiConnection",
          "inputs": {
            "host": {
              "connectionName": "shared_commondataserviceforapps",
              "operationId": "GetItem",
              "apiId": "/providers/Microsoft.PowerApps/apis/shared_commondataserviceforapps"
            },
            "parameters": {
              "entityName": "govc_jobapplications",
              "recordId": "@triggerOutputs()?['body/govc_jobapplicationid']",
              "$select": "govc_reference",
              "$expand": "govc_JobVacancy($select=govc_title,govc_referenceno),govc_JobReference_govc_JobApplication_gov($select=govc_nameofreference,govc_contactnumber,govc_relationshiptoyou),govc_WExperience_govc_JobApplication_govc($select=govc_postheld,govc_employername,govc_employedfrom,govc_employedto,govc_reasonforleaving),govc_Qualification_govc_JobApplication_go($select=govc_nameofinstitution,govc_nameofqualification,govc_yearobtained),govc_JobApplication_govc_JobApplication_g($select=govc_language,govc_speakproficiency,govc_writeandreadproficiency)"
            },
            "authentication": "@parameters('$authentication')"
          }
        },
        "Initialize_References_Variable": {
          "runAfter": {
            "Initialize_FileName_Variable": [
              "Succeeded"
            ]
          },
          "metadata": {
            "operationMetadataId": "fac65279-e62b-4f3c-b8e5-595bbe68b40b"
          },
          "type": "InitializeVariable",
          "inputs": {
            "variables": [
              {
                "name": "ReferencesArray",
                "type": "array"
              }
            ]
          }
        },
        "Initialize_Languages_Variable": {
          "runAfter": {
            "Initialize_References_Variable": [
              "Succeeded"
            ]
          },
          "metadata": {
            "operationMetadataId": "e3128231-97e3-4ffb-9868-c53184f35be7"
          },
          "type": "InitializeVariable",
          "inputs": {
            "variables": [
              {
                "name": "LanguagesArray",
                "type": "array"
              }
            ]
          }
        },
        "Initialize_Experiences_Variable": {
          "runAfter": {
            "Initialize_Languages_Variable": [
              "Succeeded"
            ]
          },
          "metadata": {
            "operationMetadataId": "405aed2e-f967-4e3f-a059-fd266bce7b24"
          },
          "type": "InitializeVariable",
          "inputs": {
            "variables": [
              {
                "name": "ExperiencesArray",
                "type": "array"
              }
            ]
          }
        },
        "Initialize_Qualifications_Variable": {
          "runAfter": {
            "Initialize_Experiences_Variable": [
              "Succeeded"
            ]
          },
          "metadata": {
            "operationMetadataId": "999ed48b-97fa-409f-a183-93c342dbab7c"
          },
          "type": "InitializeVariable",
          "inputs": {
            "variables": [
              {
                "name": "QualificationsArray",
                "type": "array"
              }
            ]
          }
        },
        "Parse_Application_Related_Table_JSON": {
          "runAfter": {
            "Get_Application_Related_Tables": [
              "Succeeded"
            ]
          },
          "metadata": {
            "operationMetadataId": "18180219-776b-40cc-bee5-bb300804ece4"
          },
          "type": "ParseJson",
          "inputs": {
            "content": "@body('Get_Application_Related_Tables')",
            "schema": {
              "type": "object",
              "properties": {
                "govc_JobReference_govc_JobApplication_gov": {
                  "type": "array",
                  "items": {
                    "type": "object",
                    "properties": {
                      "govc_nameofreference": {
                        "type": "string"
                      },
                      "govc_contactnumber": {
                        "type": "string"
                      },
                      "govc_relationshiptoyou": {
                        "type": "string"
                      }
                    },
                    "required": [
                      "govc_nameofreference",
                      "govc_contactnumber",
                      "govc_relationshiptoyou"
                    ]
                  }
                },
                "govc_WExperience_govc_JobApplication_govc": {
                  "type": "array",
                  "items": {
                    "type": "object",
                    "properties": {
                      "govc_postheld": {
                        "type": "string"
                      },
                      "govc_employername": {
                        "type": "string"
                      },
                      "govc_employedfrom@OData.Community.Display.V1.FormattedValue": {
                        "type": "string"
                      },
                      "govc_employedfrom": {
                        "type": "string"
                      },
                      "govc_employedto": {},
                      "govc_reasonforleaving": {},
                      "govc_employedto@OData.Community.Display.V1.FormattedValue": {
                        "type": "string"
                      }
                    },
                    "required": [
                      "govc_postheld",
                      "govc_employername",
                      "govc_employedfrom@OData.Community.Display.V1.FormattedValue",
                      "govc_employedfrom",
                      "govc_employedto",
                      "govc_reasonforleaving"
                    ]
                  }
                },
                "govc_Qualification_govc_JobApplication_go": {
                  "type": "array",
                  "items": {
                    "type": "object",
                    "properties": {
                      "govc_nameofinstitution": {
                        "type": "string"
                      },
                      "govc_nameofqualification": {
                        "type": "string"
                      },
                      "govc_yearobtained@OData.Community.Display.V1.FormattedValue": {
                        "type": "string"
                      },
                      "govc_yearobtained": {
                        "type": "integer"
                      }
                    },
                    "required": [
                      "govc_nameofinstitution",
                      "govc_nameofqualification",
                      "govc_yearobtained@OData.Community.Display.V1.FormattedValue"
                    ]
                  }
                },
                "govc_JobApplication_govc_JobApplication_g": {
                  "type": "array",
                  "items": {
                    "type": "object",
                    "properties": {
                      "govc_language@OData.Community.Display.V1.FormattedValue": {
                        "type": "string"
                      },
                      "govc_speakproficiency@OData.Community.Display.V1.FormattedValue": {
                        "type": "string"
                      },
                      "govc_writeandreadproficiency@OData.Community.Display.V1.FormattedValue": {
                        "type": "string"
                      },
                      "govc_writeandreadproficiency": {
                        "type": "integer"
                      }
                    },
                    "required": [
                      "govc_language@OData.Community.Display.V1.FormattedValue",
                      "govc_speakproficiency@OData.Community.Display.V1.FormattedValue",
                      "govc_writeandreadproficiency@OData.Community.Display.V1.FormattedValue"
                    ]
                  }
                }
              }
            }
          }
        },
        "For_Each_Qualification": {
          "foreach": "@body('Parse_Application_Related_Table_JSON')?['govc_Qualification_govc_JobApplication_go']",
          "actions": {
            "Compose_Qualification_JSON": {
              "runAfter": {},
              "metadata": {
                "operationMetadataId": "2dc5ad6c-ffaa-4b6b-9522-0d558f7a4dde"
              },
              "type": "Compose",
              "inputs": {
                "InstituteName": "@items('For_Each_Qualification')?['govc_nameofinstitution']",
                "QualificationName": "@items('For_Each_Qualification')?['govc_nameofqualification']",
                "YearObtained": "@items('For_Each_Qualification')?['govc_yearobtained@OData.Community.Display.V1.FormattedValue']"
              }
            },
            "Append_to_Qualifications_Array": {
              "runAfter": {
                "Compose_Qualification_JSON": [
                  "Succeeded"
                ]
              },
              "metadata": {
                "operationMetadataId": "3076f49f-3996-48fe-81a5-cb22cf87850e"
              },
              "type": "AppendToArrayVariable",
              "inputs": {
                "name": "QualificationsArray",
                "value": "@outputs('Compose_Qualification_JSON')"
              }
            }
          },
          "runAfter": {
            "Parse_Application_Related_Table_JSON": [
              "Succeeded"
            ]
          },
          "metadata": {
            "operationMetadataId": "1c57da45-dc81-4d5b-aba1-bd622adea0ac"
          },
          "type": "Foreach"
        },
        "For_Each_Reference": {
          "foreach": "@body('Parse_Application_Related_Table_JSON')?['govc_JobReference_govc_JobApplication_gov']",
          "actions": {
            "Compose_Reference_JSON": {
              "runAfter": {},
              "metadata": {
                "operationMetadataId": "d7cca35e-40a9-4b01-992c-6a4712f2bafa"
              },
              "type": "Compose",
              "inputs": {
                "ReferenceName": "@items('For_Each_Reference')?['govc_nameofreference']",
                "ReferenceRelationship": "@items('For_Each_Reference')?['govc_relationshiptoyou']",
                "ReferenceTelephone": "@items('For_Each_Reference')?['govc_contactnumber']"
              }
            },
            "Append_to_array_variable": {
              "runAfter": {
                "Compose_Reference_JSON": [
                  "Succeeded"
                ]
              },
              "metadata": {
                "operationMetadataId": "a91ee691-2cb5-4e36-9da2-c721748b57a8"
              },
              "type": "AppendToArrayVariable",
              "inputs": {
                "name": "ReferencesArray",
                "value": "@outputs('Compose_Reference_JSON')"
              }
            }
          },
          "runAfter": {
            "For_Each_Qualification": [
              "Succeeded"
            ]
          },
          "metadata": {
            "operationMetadataId": "0dcaecb4-366f-40b0-94cc-366d2368e5d8"
          },
          "type": "Foreach"
        },
        "For_Each_Language": {
          "foreach": "@body('Parse_Application_Related_Table_JSON')?['govc_JobApplication_govc_JobApplication_g']",
          "actions": {
            "Compose_Language_JSON": {
              "runAfter": {},
              "metadata": {
                "operationMetadataId": "9503197b-e3c5-4361-b960-8f8723e120a9"
              },
              "type": "Compose",
              "inputs": {
                "Language": "@items('For_Each_Language')?['govc_language@OData.Community.Display.V1.FormattedValue']",
                "SpeakProficiency": "@items('For_Each_Language')?['govc_speakproficiency@OData.Community.Display.V1.FormattedValue']",
                "WriteReadProficiency": "@items('For_Each_Language')?['govc_writeandreadproficiency@OData.Community.Display.V1.FormattedValue']"
              }
            },
            "Append_to_array_variable_2": {
              "runAfter": {
                "Compose_Language_JSON": [
                  "Succeeded"
                ]
              },
              "metadata": {
                "operationMetadataId": "f286a4f8-336d-4a9a-b72c-a8fb29f2b021"
              },
              "type": "AppendToArrayVariable",
              "inputs": {
                "name": "LanguagesArray",
                "value": "@outputs('Compose_Language_JSON')"
              }
            }
          },
          "runAfter": {
            "For_Each_Reference": [
              "Succeeded"
            ]
          },
          "metadata": {
            "operationMetadataId": "03909e8f-7fda-4341-8579-84b6dc4b21dd"
          },
          "type": "Foreach"
        },
        "For_Each_Work_Experience": {
          "foreach": "@body('Parse_Application_Related_Table_JSON')?['govc_WExperience_govc_JobApplication_govc']",
          "actions": {
            "Compose_Work_Experience_JSON": {
              "runAfter": {},
              "metadata": {
                "operationMetadataId": "063ff185-e80d-42a1-8cda-993d9c822858"
              },
              "type": "Compose",
              "inputs": {
                "EmployerName": "@items('For_Each_Work_Experience')?['govc_employername']",
                "PostHeld": "@items('For_Each_Work_Experience')?['govc_postheld']",
                "PostFromDate": "@items('For_Each_Work_Experience')?['govc_employedfrom@OData.Community.Display.V1.FormattedValue']",
                "PostToDate": "@items('For_Each_Work_Experience')?['govc_employedto@OData.Community.Display.V1.FormattedValue']",
                "ReasonForLeaving": "@items('For_Each_Work_Experience')?['govc_reasonforleaving']"
              }
            },
            "Append_to_array_variable_3": {
              "runAfter": {
                "Compose_Work_Experience_JSON": [
                  "Succeeded"
                ]
              },
              "metadata": {
                "operationMetadataId": "22c01218-1f88-41a7-84b2-e172fecda100"
              },
              "type": "AppendToArrayVariable",
              "inputs": {
                "name": "ExperiencesArray",
                "value": "@outputs('Compose_Work_Experience_JSON')"
              }
            }
          },
          "runAfter": {
            "For_Each_Language": [
              "Succeeded"
            ]
          },
          "metadata": {
            "operationMetadataId": "e8c41e28-8b18-4cfe-b621-fa63d4d520e8"
          },
          "type": "Foreach"
        },
        "Compose_Signature_Object": {
          "runAfter": {
            "For_Each_Work_Experience": [
              "Succeeded"
            ]
          },
          "metadata": {
            "operationMetadataId": "276ddc77-a7e1-47c4-9fcc-408cf3381200"
          },
          "type": "Compose",
          "inputs": {
            "$content-type": "image/png",
            "$content": "@replace(triggerOutputs()?['body/govc_signature'],'data:image/png;base64,','')"
          }
        },
        "Upload_PDF_to_Dataverse_Application_Record": {
          "runAfter": {
            "Save_PDF_in_SharePoint": [
              "Succeeded"
            ]
          },
          "metadata": {
            "operationMetadataId": "2eafed0c-8873-402a-9299-0c6fdb37f3e4"
          },
          "type": "OpenApiConnection",
          "inputs": {
            "host": {
              "connectionName": "shared_commondataserviceforapps",
              "operationId": "UpdateEntityFileImageFieldContent",
              "apiId": "/providers/Microsoft.PowerApps/apis/shared_commondataserviceforapps"
            },
            "parameters": {
              "entityName": "govc_jobapplications",
              "recordId": "@triggerOutputs()?['body/govc_jobapplicationid']",
              "fileImageFieldName": "govc_applicationdocument",
              "item": "@body('Convert_Word_Document_to_PDF')",
              "x-ms-file-name": "@{variables('FileName')}.pdf"
            },
            "authentication": "@parameters('$authentication')"
          }
        },
        "Condition": {
          "actions": {},
          "runAfter": {
            "Upload_PDF_to_Dataverse_Application_Record": [
              "Succeeded"
            ]
          },
          "else": {
            "actions": {
              "Send_an_email_(V2)": {
                "runAfter": {},
                "metadata": {
                  "operationMetadataId": "fda07741-130b-4a1c-a308-ba80fb2d1c26"
                },
                "type": "OpenApiConnection",
                "inputs": {
                  "host": {
                    "connectionName": "shared_office365",
                    "operationId": "SendEmailV2",
                    "apiId": "/providers/Microsoft.PowerApps/apis/shared_office365"
                  },
                  "parameters": {
                    "emailMessage/To": "@triggerOutputs()?['body/govc_email']",
                    "emailMessage/Subject": "We have received your application for @{outputs('Get_Application_Related_Tables')?['body/govc_jobvacancy/govc_title']}",
                    "emailMessage/Body": "<p>Hi @{triggerOutputs()?['body/govc_fullnames']}@{triggerOutputs()?['body/govc_fullnames']} <br>\n@{triggerOutputs()?['body/govc_surname']},<br>\n<br>\nThank you for applying for position titled @{outputs('Get_Application_Related_Tables')?['body/govc_jobvacancy/govc_title']}<br>\n<br>\nYour reference number is @{triggerOutputs()?['body/govc_reference']}. Keep this reference number. It allows you to track your application status.@{triggerOutputs()?['body/govc_reference']}<br>\n<br>\nAttached is a PDF copy of your application for your reference.<br>\n<br>\nRegards,<br>\nContoso Department</p>",
                    "emailMessage/Attachments": [
                      {
                        "Name": "@{variables('FileName')}.pdf",
                        "ContentBytes": "@body('Convert_Word_Document_to_PDF')"
                      }
                    ],
                    "emailMessage/Importance": "Normal"
                  },
                  "authentication": "@parameters('$authentication')"
                }
              }
            }
          },
          "expression": {
            "equals": [
              "@equals(triggerOutputs()?['body/govc_email'],null)",
              true
            ]
          },
          "metadata": {
            "operationMetadataId": "ce685ec8-31c4-4136-8d2c-07c45438a4bb"
          },
          "type": "If"
        }
      }
    }
  },
  "schemaVersion": "1.0.0.0"
}