{
  "properties": {
    "connectionReferences": {
      "shared_commondataserviceforapps": {
        "runtimeSource": "embedded",
        "connection": {
          "connectionReferenceLogicalName": "crba7_sharedcommondataserviceforapps_746a0"
        },
        "api": {
          "name": "shared_commondataserviceforapps"
        }
      }
    },
    "definition": {
      "$schema": "https://schema.management.azure.com/providers/Microsoft.Logic/schemas/2016-06-01/workflowdefinition.json#",
      "contentVersion": "1.0.0.0",
      "parameters": {
        "$connections": {
          "defaultValue": {},
          "type": "Object"
        },
        "$authentication": {
          "defaultValue": {},
          "type": "SecureObject"
        }
      },
      "triggers": {
        "When_a_row_is_added,_modified_or_deleted": {
          "metadata": {
            "operationMetadataId": "15a610d7-2470-459c-ba8d-4e21b0b8c4e7"
          },
          "type": "OpenApiConnectionWebhook",
          "inputs": {
            "host": {
              "connectionName": "shared_commondataserviceforapps",
              "operationId": "SubscribeWebhookTrigger",
              "apiId": "/providers/Microsoft.PowerApps/apis/shared_commondataserviceforapps"
            },
            "parameters": {
              "subscriptionRequest/message": 3,
              "subscriptionRequest/entityname": "govc_jobapplication",
              "subscriptionRequest/scope": 4,
              "subscriptionRequest/filteringattributes": "govc_applicationstage"
            },
            "authentication": "@parameters('$authentication')"
          }
        }
      },
      "actions": {
        "Get_Related_Application_Stage_Record": {
          "runAfter": {},
          "metadata": {
            "operationMetadataId": "ea4f6709-4fcb-46af-93c8-f3c2925ce7c6"
          },
          "type": "OpenApiConnection",
          "inputs": {
            "host": {
              "connectionName": "shared_commondataserviceforapps",
              "operationId": "GetItem",
              "apiId": "/providers/Microsoft.PowerApps/apis/shared_commondataserviceforapps"
            },
            "parameters": {
              "entityName": "govc_jobapplicationstages",
              "recordId": "@triggerOutputs()?['body/_govc_applicationstage_value']"
            },
            "authentication": "@parameters('$authentication')"
          }
        },
        "If_Should_Set_Application_Status_to_Inactive": {
          "actions": {
            "Set_Application_Status_to_Inactive": {
              "runAfter": {},
              "metadata": {
                "operationMetadataId": "be5c3cbf-dc28-4633-a2bc-0def26d07da1"
              },
              "type": "OpenApiConnection",
              "inputs": {
                "host": {
                  "connectionName": "shared_commondataserviceforapps",
                  "operationId": "UpdateRecord",
                  "apiId": "/providers/Microsoft.PowerApps/apis/shared_commondataserviceforapps"
                },
                "parameters": {
                  "entityName": "govc_jobapplications",
                  "recordId": "@triggerOutputs()?['body/govc_jobapplicationid']",
                  "item/statecode": 1,
                  "item/statuscode": 2
                },
                "authentication": "@parameters('$authentication')"
              }
            }
          },
          "runAfter": {
            "Get_Related_Application_Stage_Record": [
              "Succeeded"
            ]
          },
          "expression": {
            "equals": [
              "",
              true
            ]
          },
          "metadata": {
            "operationMetadataId": "37d5fd27-6d48-4cb7-bd7c-37631b564783"
          },
          "type": "If"
        }
      }
    }
  },
  "schemaVersion": "1.0.0.0"
}