{
  "properties": {
    "connectionReferences": {
      "shared_commondataserviceforapps": {
        "runtimeSource": "embedded",
        "connection": {
          "connectionReferenceLogicalName": "crba7_sharedcommondataserviceforapps_746a0"
        },
        "api": {
          "name": "shared_commondataserviceforapps"
        }
      }
    },
    "definition": {
      "$schema": "https://schema.management.azure.com/providers/Microsoft.Logic/schemas/2016-06-01/workflowdefinition.json#",
      "contentVersion": "1.0.0.0",
      "parameters": {
        "$connections": {
          "defaultValue": {},
          "type": "Object"
        },
        "$authentication": {
          "defaultValue": {},
          "type": "SecureObject"
        }
      },
      "triggers": {
        "When_a_row_is_added,_modified_or_deleted": {
          "metadata": {
            "operationMetadataId": "9f9adfb5-2e22-485d-be07-9beb2214b40c"
          },
          "type": "OpenApiConnectionWebhook",
          "inputs": {
            "host": {
              "connectionName": "shared_commondataserviceforapps",
              "operationId": "SubscribeWebhookTrigger",
              "apiId": "/providers/Microsoft.PowerApps/apis/shared_commondataserviceforapps"
            },
            "parameters": {
              "subscriptionRequest/message": 1,
              "subscriptionRequest/entityname": "annotation",
              "subscriptionRequest/scope": 4,
              "subscriptionRequest/filterexpression": "objecttypecode eq 'govc_qualification'"
            },
            "authentication": "@parameters('$authentication')"
          }
        }
      },
      "actions": {
        "Upload_a_file_or_an_image": {
          "runAfter": {
            "Compose": [
              "Succeeded"
            ]
          },
          "metadata": {
            "operationMetadataId": "b1694538-b6f9-4245-baf6-cb52d6010597"
          },
          "type": "OpenApiConnection",
          "inputs": {
            "host": {
              "connectionName": "shared_commondataserviceforapps",
              "operationId": "UpdateEntityFileImageFieldContent",
              "apiId": "/providers/Microsoft.PowerApps/apis/shared_commondataserviceforapps"
            },
            "parameters": {
              "entityName": "govc_qualifications",
              "recordId": "@triggerOutputs()?['body/_objectid_value']",
              "fileImageFieldName": "govc_qualificationdocument",
              "item": "@outputs('Compose')",
              "x-ms-file-name": "@triggerOutputs()?['body/filename']"
            },
            "authentication": "@parameters('$authentication')"
          }
        },
        "Compose": {
          "runAfter": {},
          "metadata": {
            "operationMetadataId": "f71fc37e-2edc-4749-8626-e897175f19d6"
          },
          "type": "Compose",
          "inputs": {
            "$content-type": "@triggerOutputs()?['body/mimetype']",
            "$content": "@triggerOutputs()?['body/documentbody']"
          }
        }
      }
    }
  },
  "schemaVersion": "1.0.0.0"
}