{
  "properties": {
    "connectionReferences": {
      "shared_commondataserviceforapps": {
        "runtimeSource": "embedded",
        "connection": {
          "connectionReferenceLogicalName": "crba7_sharedcommondataserviceforapps_746a0"
        },
        "api": {
          "name": "shared_commondataserviceforapps"
        }
      }
    },
    "definition": {
      "$schema": "https://schema.management.azure.com/providers/Microsoft.Logic/schemas/2016-06-01/workflowdefinition.json#",
      "contentVersion": "1.0.0.0",
      "parameters": {
        "$connections": {
          "defaultValue": {},
          "type": "Object"
        },
        "$authentication": {
          "defaultValue": {},
          "type": "SecureObject"
        }
      },
      "triggers": {
        "When_a_row_is_added,_modified_or_deleted": {
          "metadata": {
            "operationMetadataId": "c3609459-707e-4a38-8c1b-bda05d003fef"
          },
          "type": "OpenApiConnectionWebhook",
          "inputs": {
            "host": {
              "connectionName": "shared_commondataserviceforapps",
              "operationId": "SubscribeWebhookTrigger",
              "apiId": "/providers/Microsoft.PowerApps/apis/shared_commondataserviceforapps"
            },
            "parameters": {
              "subscriptionRequest/message": 1,
              "subscriptionRequest/entityname": "govc_jobapplication",
              "subscriptionRequest/scope": 4
            },
            "authentication": "@parameters('$authentication')"
          }
        }
      },
      "actions": {
        "Update_a_row": {
          "runAfter": {},
          "metadata": {
            "operationMetadataId": "6361a3d4-63b7-450c-81d9-ca5f5ac40d17"
          },
          "type": "OpenApiConnection",
          "inputs": {
            "host": {
              "connectionName": "shared_commondataserviceforapps",
              "operationId": "UpdateRecord",
              "apiId": "/providers/Microsoft.PowerApps/apis/shared_commondataserviceforapps"
            },
            "parameters": {
              "entityName": "govc_jobapplications",
              "recordId": "@triggerOutputs()?['body/govc_jobapplicationid']",
              "item/govc_score": "@rand(0,100)"
            },
            "authentication": "@parameters('$authentication')"
          }
        }
      }
    }
  },
  "schemaVersion": "1.0.0.0"
}