
<entities xmlns:xsd="http://www.w3.org/2001/XMLSchema" xmlns:xsi="http://www.w3.org/2001/XMLSchema-instance" timestamp="2022-09-19T06:52:54.4079259Z">
  <entity name="govc_z83setting" displayname="Z83 Setting">
    <records>
      <record id="8b77fa89-f429-ed11-9db1-000d3a25b1bb">
        <field name="createdby" value="8703a2f4-820f-ed11-b83c-000d3a3a86ef" lookupentity="systemuser" lookupentityname="System Administrator" />
        <field name="createdon" value="2022-09-01T12:49:39.0000000Z" />
        <field name="govc_default" value="True" />
        <field name="govc_maxsubgridrows" value="3" />
        <field name="modifiedby" value="8703a2f4-820f-ed11-b83c-000d3a3a86ef" lookupentity="systemuser" lookupentityname="System Administrator" />
        <field name="modifiedon" value="2022-09-01T12:52:48.0000000Z" />
        <field name="govc_name" value="Default" />
        <field name="ownerid" value="8703a2f4-820f-ed11-b83c-000d3a3a86ef" lookupentity="systemuser" lookupentityname="System Administrator" />
        <field name="owningbusinessunit" value="4fea69e8-820f-ed11-b83c-000d3a3a86ef" lookupentity="businessunit" lookupentityname="org8c5d7ab2" />
        <field name="owninguser" value="8703a2f4-820f-ed11-b83c-000d3a3a86ef" lookupentity="systemuser" />
        <field name="govc_sharepointfolderpath" value="Shared Documents" />
        <field name="govc_sharepointsiteurl" value="https://d365demotss243869.sharepoint.com/" />
        <field name="statecode" value="0" />
        <field name="statuscode" value="1" />
        <field name="govc_z83settingid" value="8b77fa89-f429-ed11-9db1-000d3a25b1bb" />
      </record>
    </records>
    <m2mrelationships />
  </entity>
  <entity name="govc_qualificationlevel" displayname="Qualification Level">
    <records>
      <record id="e565d5eb-8619-ed11-b83e-000d3abdc0f1">
        <field name="createdby" value="8703a2f4-820f-ed11-b83c-000d3a3a86ef" lookupentity="systemuser" lookupentityname="System Administrator" />
        <field name="createdon" value="2022-08-11T15:04:40.0000000Z" />
        <field name="modifiedby" value="8703a2f4-820f-ed11-b83c-000d3a3a86ef" lookupentity="systemuser" lookupentityname="System Administrator" />
        <field name="modifiedon" value="2022-08-11T15:04:40.0000000Z" />
        <field name="govc_name" value="Grade 9" />
        <field name="govc_nqflevel" value="1" />
        <field name="ownerid" value="8703a2f4-820f-ed11-b83c-000d3a3a86ef" lookupentity="systemuser" lookupentityname="System Administrator" />
        <field name="owningbusinessunit" value="4fea69e8-820f-ed11-b83c-000d3a3a86ef" lookupentity="businessunit" lookupentityname="org8c5d7ab2" />
        <field name="owninguser" value="8703a2f4-820f-ed11-b83c-000d3a3a86ef" lookupentity="systemuser" />
        <field name="govc_qualificationlevelid" value="e565d5eb-8619-ed11-b83e-000d3abdc0f1" />
        <field name="statecode" value="0" />
        <field name="statuscode" value="1" />
      </record>
      <record id="88d024f6-8619-ed11-b83e-000d3abdc0f1">
        <field name="createdby" value="8703a2f4-820f-ed11-b83c-000d3a3a86ef" lookupentity="systemuser" lookupentityname="System Administrator" />
        <field name="createdon" value="2022-08-11T15:04:57.0000000Z" />
        <field name="modifiedby" value="8703a2f4-820f-ed11-b83c-000d3a3a86ef" lookupentity="systemuser" lookupentityname="System Administrator" />
        <field name="modifiedon" value="2022-08-11T15:04:57.0000000Z" />
        <field name="govc_name" value="Grade 10" />
        <field name="govc_nqflevel" value="2" />
        <field name="ownerid" value="8703a2f4-820f-ed11-b83c-000d3a3a86ef" lookupentity="systemuser" lookupentityname="System Administrator" />
        <field name="owningbusinessunit" value="4fea69e8-820f-ed11-b83c-000d3a3a86ef" lookupentity="businessunit" lookupentityname="org8c5d7ab2" />
        <field name="owninguser" value="8703a2f4-820f-ed11-b83c-000d3a3a86ef" lookupentity="systemuser" />
        <field name="govc_qualificationlevelid" value="88d024f6-8619-ed11-b83e-000d3abdc0f1" />
        <field name="statecode" value="0" />
        <field name="statuscode" value="1" />
      </record>
      <record id="757ad1fd-8619-ed11-b83e-000d3abdc0f1">
        <field name="createdby" value="8703a2f4-820f-ed11-b83c-000d3a3a86ef" lookupentity="systemuser" lookupentityname="System Administrator" />
        <field name="createdon" value="2022-08-11T15:05:10.0000000Z" />
        <field name="modifiedby" value="8703a2f4-820f-ed11-b83c-000d3a3a86ef" lookupentity="systemuser" lookupentityname="System Administrator" />
        <field name="modifiedon" value="2022-08-11T15:05:10.0000000Z" />
        <field name="govc_name" value="Grade 11" />
        <field name="govc_nqflevel" value="3" />
        <field name="ownerid" value="8703a2f4-820f-ed11-b83c-000d3a3a86ef" lookupentity="systemuser" lookupentityname="System Administrator" />
        <field name="owningbusinessunit" value="4fea69e8-820f-ed11-b83c-000d3a3a86ef" lookupentity="businessunit" lookupentityname="org8c5d7ab2" />
        <field name="owninguser" value="8703a2f4-820f-ed11-b83c-000d3a3a86ef" lookupentity="systemuser" />
        <field name="govc_qualificationlevelid" value="757ad1fd-8619-ed11-b83e-000d3abdc0f1" />
        <field name="statecode" value="0" />
        <field name="statuscode" value="1" />
      </record>
      <record id="904bb405-8719-ed11-b83e-000d3abdc0f1">
        <field name="createdby" value="8703a2f4-820f-ed11-b83c-000d3a3a86ef" lookupentity="systemuser" lookupentityname="System Administrator" />
        <field name="createdon" value="2022-08-11T15:05:28.0000000Z" />
        <field name="modifiedby" value="8703a2f4-820f-ed11-b83c-000d3a3a86ef" lookupentity="systemuser" lookupentityname="System Administrator" />
        <field name="modifiedon" value="2022-08-11T15:05:28.0000000Z" />
        <field name="govc_name" value="Grade 12 / Matric" />
        <field name="govc_nqflevel" value="4" />
        <field name="ownerid" value="8703a2f4-820f-ed11-b83c-000d3a3a86ef" lookupentity="systemuser" lookupentityname="System Administrator" />
        <field name="owningbusinessunit" value="4fea69e8-820f-ed11-b83c-000d3a3a86ef" lookupentity="businessunit" lookupentityname="org8c5d7ab2" />
        <field name="owninguser" value="8703a2f4-820f-ed11-b83c-000d3a3a86ef" lookupentity="systemuser" />
        <field name="govc_qualificationlevelid" value="904bb405-8719-ed11-b83e-000d3abdc0f1" />
        <field name="statecode" value="0" />
        <field name="statuscode" value="1" />
      </record>
      <record id="5cc2141c-8719-ed11-b83e-000d3abdc0f1">
        <field name="createdby" value="8703a2f4-820f-ed11-b83c-000d3a3a86ef" lookupentity="systemuser" lookupentityname="System Administrator" />
        <field name="createdon" value="2022-08-11T15:06:01.0000000Z" />
        <field name="modifiedby" value="8703a2f4-820f-ed11-b83c-000d3a3a86ef" lookupentity="systemuser" lookupentityname="System Administrator" />
        <field name="modifiedon" value="2022-08-11T15:07:57.0000000Z" />
        <field name="govc_name" value="Diploma" />
        <field name="govc_nqflevel" value="6" />
        <field name="ownerid" value="8703a2f4-820f-ed11-b83c-000d3a3a86ef" lookupentity="systemuser" lookupentityname="System Administrator" />
        <field name="owningbusinessunit" value="4fea69e8-820f-ed11-b83c-000d3a3a86ef" lookupentity="businessunit" lookupentityname="org8c5d7ab2" />
        <field name="owninguser" value="8703a2f4-820f-ed11-b83c-000d3a3a86ef" lookupentity="systemuser" />
        <field name="govc_qualificationlevelid" value="5cc2141c-8719-ed11-b83e-000d3abdc0f1" />
        <field name="statecode" value="0" />
        <field name="statuscode" value="1" />
      </record>
      <record id="77278329-8719-ed11-b83e-000d3abdc0f1">
        <field name="createdby" value="8703a2f4-820f-ed11-b83c-000d3a3a86ef" lookupentity="systemuser" lookupentityname="System Administrator" />
        <field name="createdon" value="2022-08-11T15:06:23.0000000Z" />
        <field name="modifiedby" value="8703a2f4-820f-ed11-b83c-000d3a3a86ef" lookupentity="systemuser" lookupentityname="System Administrator" />
        <field name="modifiedon" value="2022-08-11T15:07:34.0000000Z" />
        <field name="govc_name" value="Degree - Bachelors" />
        <field name="govc_nqflevel" value="7" />
        <field name="ownerid" value="8703a2f4-820f-ed11-b83c-000d3a3a86ef" lookupentity="systemuser" lookupentityname="System Administrator" />
        <field name="owningbusinessunit" value="4fea69e8-820f-ed11-b83c-000d3a3a86ef" lookupentity="businessunit" lookupentityname="org8c5d7ab2" />
        <field name="owninguser" value="8703a2f4-820f-ed11-b83c-000d3a3a86ef" lookupentity="systemuser" />
        <field name="govc_qualificationlevelid" value="77278329-8719-ed11-b83e-000d3abdc0f1" />
        <field name="statecode" value="0" />
        <field name="statuscode" value="1" />
      </record>
      <record id="13d58031-8719-ed11-b83e-000d3abdc0f1">
        <field name="createdby" value="8703a2f4-820f-ed11-b83c-000d3a3a86ef" lookupentity="systemuser" lookupentityname="System Administrator" />
        <field name="createdon" value="2022-08-11T15:06:39.0000000Z" />
        <field name="modifiedby" value="8703a2f4-820f-ed11-b83c-000d3a3a86ef" lookupentity="systemuser" lookupentityname="System Administrator" />
        <field name="modifiedon" value="2022-08-11T15:07:50.0000000Z" />
        <field name="govc_name" value="Degree - Honors" />
        <field name="govc_nqflevel" value="8" />
        <field name="ownerid" value="8703a2f4-820f-ed11-b83c-000d3a3a86ef" lookupentity="systemuser" lookupentityname="System Administrator" />
        <field name="owningbusinessunit" value="4fea69e8-820f-ed11-b83c-000d3a3a86ef" lookupentity="businessunit" lookupentityname="org8c5d7ab2" />
        <field name="owninguser" value="8703a2f4-820f-ed11-b83c-000d3a3a86ef" lookupentity="systemuser" />
        <field name="govc_qualificationlevelid" value="13d58031-8719-ed11-b83e-000d3abdc0f1" />
        <field name="statecode" value="0" />
        <field name="statuscode" value="1" />
      </record>
      <record id="16202c40-8719-ed11-b83e-000d3abdc0f1">
        <field name="createdby" value="8703a2f4-820f-ed11-b83c-000d3a3a86ef" lookupentity="systemuser" lookupentityname="System Administrator" />
        <field name="createdon" value="2022-08-11T15:07:02.0000000Z" />
        <field name="modifiedby" value="8703a2f4-820f-ed11-b83c-000d3a3a86ef" lookupentity="systemuser" lookupentityname="System Administrator" />
        <field name="modifiedon" value="2022-08-11T15:07:02.0000000Z" />
        <field name="govc_name" value="Degree - Masters" />
        <field name="govc_nqflevel" value="9" />
        <field name="ownerid" value="8703a2f4-820f-ed11-b83c-000d3a3a86ef" lookupentity="systemuser" lookupentityname="System Administrator" />
        <field name="owningbusinessunit" value="4fea69e8-820f-ed11-b83c-000d3a3a86ef" lookupentity="businessunit" lookupentityname="org8c5d7ab2" />
        <field name="owninguser" value="8703a2f4-820f-ed11-b83c-000d3a3a86ef" lookupentity="systemuser" />
        <field name="govc_qualificationlevelid" value="16202c40-8719-ed11-b83e-000d3abdc0f1" />
        <field name="statecode" value="0" />
        <field name="statuscode" value="1" />
      </record>
      <record id="0cd82a4a-8719-ed11-b83e-000d3abdc0f1">
        <field name="createdby" value="8703a2f4-820f-ed11-b83c-000d3a3a86ef" lookupentity="systemuser" lookupentityname="System Administrator" />
        <field name="createdon" value="2022-08-11T15:07:18.0000000Z" />
        <field name="modifiedby" value="8703a2f4-820f-ed11-b83c-000d3a3a86ef" lookupentity="systemuser" lookupentityname="System Administrator" />
        <field name="modifiedon" value="2022-08-11T15:09:32.0000000Z" />
        <field name="govc_name" value="Degree - Doctorate" />
        <field name="govc_nqflevel" value="10" />
        <field name="ownerid" value="8703a2f4-820f-ed11-b83c-000d3a3a86ef" lookupentity="systemuser" lookupentityname="System Administrator" />
        <field name="owningbusinessunit" value="4fea69e8-820f-ed11-b83c-000d3a3a86ef" lookupentity="businessunit" lookupentityname="org8c5d7ab2" />
        <field name="owninguser" value="8703a2f4-820f-ed11-b83c-000d3a3a86ef" lookupentity="systemuser" />
        <field name="govc_qualificationlevelid" value="0cd82a4a-8719-ed11-b83e-000d3abdc0f1" />
        <field name="statecode" value="0" />
        <field name="statuscode" value="1" />
      </record>
    </records>
    <m2mrelationships />
  </entity>
  <entity name="govc_jobvacancystage" displayname="Job Vacancy Stage">
    <records>
      <record id="822c5745-f829-ed11-9db1-000d3a25b1bb">
        <field name="createdby" value="8703a2f4-820f-ed11-b83c-000d3a3a86ef" lookupentity="systemuser" lookupentityname="System Administrator" />
        <field name="createdon" value="2022-09-01T13:16:22.0000000Z" />
        <field name="govc_jobvacancystageid" value="822c5745-f829-ed11-9db1-000d3a25b1bb" />
        <field name="govc_jobvacancystagedescription" value="The vacancy has been advertised and is currently accepting applications." />
        <field name="modifiedby" value="8703a2f4-820f-ed11-b83c-000d3a3a86ef" lookupentity="systemuser" lookupentityname="System Administrator" />
        <field name="modifiedon" value="2022-09-01T13:16:22.0000000Z" />
        <field name="govc_name" value="Advertised - Accepting Applications" />
        <field name="ownerid" value="8703a2f4-820f-ed11-b83c-000d3a3a86ef" lookupentity="systemuser" lookupentityname="System Administrator" />
        <field name="owningbusinessunit" value="4fea69e8-820f-ed11-b83c-000d3a3a86ef" lookupentity="businessunit" lookupentityname="org8c5d7ab2" />
        <field name="owninguser" value="8703a2f4-820f-ed11-b83c-000d3a3a86ef" lookupentity="systemuser" />
        <field name="statecode" value="0" />
        <field name="statuscode" value="1" />
      </record>
      <record id="8dcf2085-f829-ed11-9db1-000d3a25b1bb">
        <field name="createdby" value="8703a2f4-820f-ed11-b83c-000d3a3a86ef" lookupentity="systemuser" lookupentityname="System Administrator" />
        <field name="createdon" value="2022-09-01T13:18:12.0000000Z" />
        <field name="govc_jobvacancystageid" value="8dcf2085-f829-ed11-9db1-000d3a25b1bb" />
        <field name="govc_jobvacancystagedescription" value="No longer receiving applications for vacancy, now scheduling applications" />
        <field name="modifiedby" value="8703a2f4-820f-ed11-b83c-000d3a3a86ef" lookupentity="systemuser" lookupentityname="System Administrator" />
        <field name="modifiedon" value="2022-09-01T13:18:12.0000000Z" />
        <field name="govc_name" value="Scheduling Applications" />
        <field name="ownerid" value="8703a2f4-820f-ed11-b83c-000d3a3a86ef" lookupentity="systemuser" lookupentityname="System Administrator" />
        <field name="owningbusinessunit" value="4fea69e8-820f-ed11-b83c-000d3a3a86ef" lookupentity="businessunit" lookupentityname="org8c5d7ab2" />
        <field name="owninguser" value="8703a2f4-820f-ed11-b83c-000d3a3a86ef" lookupentity="systemuser" />
        <field name="statecode" value="0" />
        <field name="statuscode" value="1" />
      </record>
      <record id="2ee6f6a6-f829-ed11-9db1-000d3a25b1bb">
        <field name="createdby" value="8703a2f4-820f-ed11-b83c-000d3a3a86ef" lookupentity="systemuser" lookupentityname="System Administrator" />
        <field name="createdon" value="2022-09-01T13:19:11.0000000Z" />
        <field name="govc_jobvacancystageid" value="2ee6f6a6-f829-ed11-9db1-000d3a25b1bb" />
        <field name="govc_jobvacancystagedescription" value="Working through applications and shortlisting applicants" />
        <field name="modifiedby" value="8703a2f4-820f-ed11-b83c-000d3a3a86ef" lookupentity="systemuser" lookupentityname="System Administrator" />
        <field name="modifiedon" value="2022-09-01T13:19:11.0000000Z" />
        <field name="govc_name" value="Shortlisting Applications" />
        <field name="ownerid" value="8703a2f4-820f-ed11-b83c-000d3a3a86ef" lookupentity="systemuser" lookupentityname="System Administrator" />
        <field name="owningbusinessunit" value="4fea69e8-820f-ed11-b83c-000d3a3a86ef" lookupentity="businessunit" lookupentityname="org8c5d7ab2" />
        <field name="owninguser" value="8703a2f4-820f-ed11-b83c-000d3a3a86ef" lookupentity="systemuser" />
        <field name="statecode" value="0" />
        <field name="statuscode" value="1" />
      </record>
      <record id="fed642c5-f829-ed11-9db1-000d3a25b1bb">
        <field name="createdby" value="8703a2f4-820f-ed11-b83c-000d3a3a86ef" lookupentity="systemuser" lookupentityname="System Administrator" />
        <field name="createdon" value="2022-09-01T13:19:58.0000000Z" />
        <field name="govc_jobvacancystageid" value="fed642c5-f829-ed11-9db1-000d3a25b1bb" />
        <field name="govc_jobvacancystagedescription" value="Applicants who have been shortlisted have been notified." />
        <field name="modifiedby" value="8703a2f4-820f-ed11-b83c-000d3a3a86ef" lookupentity="systemuser" lookupentityname="System Administrator" />
        <field name="modifiedon" value="2022-09-01T13:19:58.0000000Z" />
        <field name="govc_name" value="Qualifying Applicants Notified" />
        <field name="ownerid" value="8703a2f4-820f-ed11-b83c-000d3a3a86ef" lookupentity="systemuser" lookupentityname="System Administrator" />
        <field name="owningbusinessunit" value="4fea69e8-820f-ed11-b83c-000d3a3a86ef" lookupentity="businessunit" lookupentityname="org8c5d7ab2" />
        <field name="owninguser" value="8703a2f4-820f-ed11-b83c-000d3a3a86ef" lookupentity="systemuser" />
        <field name="statecode" value="0" />
        <field name="statuscode" value="1" />
      </record>
      <record id="b57d5ccb-f829-ed11-9db1-000d3a25b1bb">
        <field name="createdby" value="8703a2f4-820f-ed11-b83c-000d3a3a86ef" lookupentity="systemuser" lookupentityname="System Administrator" />
        <field name="createdon" value="2022-09-01T13:20:15.0000000Z" />
        <field name="govc_jobvacancystageid" value="b57d5ccb-f829-ed11-9db1-000d3a25b1bb" />
        <field name="govc_jobvacancystagedescription" value="Interviews Scheduled" />
        <field name="modifiedby" value="8703a2f4-820f-ed11-b83c-000d3a3a86ef" lookupentity="systemuser" lookupentityname="System Administrator" />
        <field name="modifiedon" value="2022-09-01T13:20:15.0000000Z" />
        <field name="govc_name" value="Interviews Scheduled" />
        <field name="ownerid" value="8703a2f4-820f-ed11-b83c-000d3a3a86ef" lookupentity="systemuser" lookupentityname="System Administrator" />
        <field name="owningbusinessunit" value="4fea69e8-820f-ed11-b83c-000d3a3a86ef" lookupentity="businessunit" lookupentityname="org8c5d7ab2" />
        <field name="owninguser" value="8703a2f4-820f-ed11-b83c-000d3a3a86ef" lookupentity="systemuser" />
        <field name="statecode" value="0" />
        <field name="statuscode" value="1" />
      </record>
      <record id="25dd2cdb-f829-ed11-9db1-000d3a25b1bb">
        <field name="createdby" value="8703a2f4-820f-ed11-b83c-000d3a3a86ef" lookupentity="systemuser" lookupentityname="System Administrator" />
        <field name="createdon" value="2022-09-01T13:20:39.0000000Z" />
        <field name="govc_jobvacancystageid" value="25dd2cdb-f829-ed11-9db1-000d3a25b1bb" />
        <field name="govc_jobvacancystagedescription" value="Interviews Completed" />
        <field name="modifiedby" value="8703a2f4-820f-ed11-b83c-000d3a3a86ef" lookupentity="systemuser" lookupentityname="System Administrator" />
        <field name="modifiedon" value="2022-09-16T08:08:00.0000000Z" />
        <field name="govc_name" value="Interviews Completed" />
        <field name="ownerid" value="8703a2f4-820f-ed11-b83c-000d3a3a86ef" lookupentity="systemuser" lookupentityname="System Administrator" />
        <field name="owningbusinessunit" value="4fea69e8-820f-ed11-b83c-000d3a3a86ef" lookupentity="businessunit" lookupentityname="org8c5d7ab2" />
        <field name="owninguser" value="8703a2f4-820f-ed11-b83c-000d3a3a86ef" lookupentity="systemuser" />
        <field name="govc_showonportal" value="False" />
        <field name="statecode" value="0" />
        <field name="statuscode" value="1" />
      </record>
      <record id="21778de7-f829-ed11-9db1-000d3a25b1bb">
        <field name="createdby" value="8703a2f4-820f-ed11-b83c-000d3a3a86ef" lookupentity="systemuser" lookupentityname="System Administrator" />
        <field name="createdon" value="2022-09-01T13:20:54.0000000Z" />
        <field name="govc_jobvacancystageid" value="21778de7-f829-ed11-9db1-000d3a25b1bb" />
        <field name="govc_jobvacancystagedescription" value="Appointment Approved" />
        <field name="modifiedby" value="8703a2f4-820f-ed11-b83c-000d3a3a86ef" lookupentity="systemuser" lookupentityname="System Administrator" />
        <field name="modifiedon" value="2022-09-01T13:20:54.0000000Z" />
        <field name="govc_name" value="Appointment Approved" />
        <field name="ownerid" value="8703a2f4-820f-ed11-b83c-000d3a3a86ef" lookupentity="systemuser" lookupentityname="System Administrator" />
        <field name="owningbusinessunit" value="4fea69e8-820f-ed11-b83c-000d3a3a86ef" lookupentity="businessunit" lookupentityname="org8c5d7ab2" />
        <field name="owninguser" value="8703a2f4-820f-ed11-b83c-000d3a3a86ef" lookupentity="systemuser" />
        <field name="statecode" value="0" />
        <field name="statuscode" value="1" />
      </record>
      <record id="84cbf5ed-f829-ed11-9db1-000d3a25b1bb">
        <field name="createdby" value="8703a2f4-820f-ed11-b83c-000d3a3a86ef" lookupentity="systemuser" lookupentityname="System Administrator" />
        <field name="createdon" value="2022-09-01T13:21:14.0000000Z" />
        <field name="govc_jobvacancystageid" value="84cbf5ed-f829-ed11-9db1-000d3a25b1bb" />
        <field name="govc_jobvacancystagedescription" value="Applicant Notified" />
        <field name="modifiedby" value="8703a2f4-820f-ed11-b83c-000d3a3a86ef" lookupentity="systemuser" lookupentityname="System Administrator" />
        <field name="modifiedon" value="2022-09-01T13:21:14.0000000Z" />
        <field name="govc_name" value="Applicant Notified" />
        <field name="ownerid" value="8703a2f4-820f-ed11-b83c-000d3a3a86ef" lookupentity="systemuser" lookupentityname="System Administrator" />
        <field name="owningbusinessunit" value="4fea69e8-820f-ed11-b83c-000d3a3a86ef" lookupentity="businessunit" lookupentityname="org8c5d7ab2" />
        <field name="owninguser" value="8703a2f4-820f-ed11-b83c-000d3a3a86ef" lookupentity="systemuser" />
        <field name="statecode" value="0" />
        <field name="statuscode" value="1" />
      </record>
      <record id="8de276fb-f829-ed11-9db1-000d3a25b1bb">
        <field name="createdby" value="8703a2f4-820f-ed11-b83c-000d3a3a86ef" lookupentity="systemuser" lookupentityname="System Administrator" />
        <field name="createdon" value="2022-09-01T13:21:30.0000000Z" />
        <field name="govc_jobvacancystageid" value="8de276fb-f829-ed11-9db1-000d3a25b1bb" />
        <field name="govc_jobvacancystagedescription" value="Post Filled" />
        <field name="modifiedby" value="8703a2f4-820f-ed11-b83c-000d3a3a86ef" lookupentity="systemuser" lookupentityname="System Administrator" />
        <field name="modifiedon" value="2022-09-01T13:21:30.0000000Z" />
        <field name="govc_name" value="Post Filled" />
        <field name="ownerid" value="8703a2f4-820f-ed11-b83c-000d3a3a86ef" lookupentity="systemuser" lookupentityname="System Administrator" />
        <field name="owningbusinessunit" value="4fea69e8-820f-ed11-b83c-000d3a3a86ef" lookupentity="businessunit" lookupentityname="org8c5d7ab2" />
        <field name="owninguser" value="8703a2f4-820f-ed11-b83c-000d3a3a86ef" lookupentity="systemuser" />
        <field name="statecode" value="0" />
        <field name="statuscode" value="1" />
      </record>
      <record id="61953e02-f929-ed11-9db1-000d3a25b1bb">
        <field name="createdby" value="8703a2f4-820f-ed11-b83c-000d3a3a86ef" lookupentity="systemuser" lookupentityname="System Administrator" />
        <field name="createdon" value="2022-09-01T13:21:44.0000000Z" />
        <field name="govc_jobvacancystageid" value="61953e02-f929-ed11-9db1-000d3a25b1bb" />
        <field name="govc_jobvacancystagedescription" value="Post Withdrawn" />
        <field name="modifiedby" value="8703a2f4-820f-ed11-b83c-000d3a3a86ef" lookupentity="systemuser" lookupentityname="System Administrator" />
        <field name="modifiedon" value="2022-09-01T13:21:44.0000000Z" />
        <field name="govc_name" value="Post Withdrawn" />
        <field name="ownerid" value="8703a2f4-820f-ed11-b83c-000d3a3a86ef" lookupentity="systemuser" lookupentityname="System Administrator" />
        <field name="owningbusinessunit" value="4fea69e8-820f-ed11-b83c-000d3a3a86ef" lookupentity="businessunit" lookupentityname="org8c5d7ab2" />
        <field name="owninguser" value="8703a2f4-820f-ed11-b83c-000d3a3a86ef" lookupentity="systemuser" />
        <field name="statecode" value="0" />
        <field name="statuscode" value="1" />
      </record>
    </records>
    <m2mrelationships />
  </entity>
  <entity name="govc_jobapplicationstage" displayname="Job Application Stage">
    <records>
      <record id="71ea7f3f-4c25-ed11-b83d-000d3a25b1bb">
        <field name="createdby" value="8703a2f4-820f-ed11-b83c-000d3a3a86ef" lookupentity="systemuser" lookupentityname="System Administrator" />
        <field name="createdon" value="2022-08-26T14:34:56.0000000Z" />
        <field name="govc_jobapplicationstageid" value="71ea7f3f-4c25-ed11-b83d-000d3a25b1bb" />
        <field name="modifiedby" value="8703a2f4-820f-ed11-b83c-000d3a3a86ef" lookupentity="systemuser" lookupentityname="System Administrator" />
        <field name="modifiedon" value="2022-09-01T13:05:43.0000000Z" />
        <field name="govc_name" value="Open - Submitted" />
        <field name="ownerid" value="8703a2f4-820f-ed11-b83c-000d3a3a86ef" lookupentity="systemuser" lookupentityname="System Administrator" />
        <field name="owningbusinessunit" value="4fea69e8-820f-ed11-b83c-000d3a3a86ef" lookupentity="businessunit" lookupentityname="org8c5d7ab2" />
        <field name="owninguser" value="8703a2f4-820f-ed11-b83c-000d3a3a86ef" lookupentity="systemuser" />
        <field name="govc_jobapplicationstagedescription" value="Application has been submitted" />
        <field name="statecode" value="0" />
        <field name="statuscode" value="1" />
      </record>
      <record id="9833104c-4c25-ed11-b83d-000d3a25b1bb">
        <field name="createdby" value="8703a2f4-820f-ed11-b83c-000d3a3a86ef" lookupentity="systemuser" lookupentityname="System Administrator" />
        <field name="createdon" value="2022-08-26T14:35:15.0000000Z" />
        <field name="govc_jobapplicationstageid" value="9833104c-4c25-ed11-b83d-000d3a25b1bb" />
        <field name="modifiedby" value="8703a2f4-820f-ed11-b83c-000d3a3a86ef" lookupentity="systemuser" lookupentityname="System Administrator" />
        <field name="modifiedon" value="2022-09-01T13:05:36.0000000Z" />
        <field name="govc_name" value="Open - Screening" />
        <field name="ownerid" value="8703a2f4-820f-ed11-b83c-000d3a3a86ef" lookupentity="systemuser" lookupentityname="System Administrator" />
        <field name="owningbusinessunit" value="4fea69e8-820f-ed11-b83c-000d3a3a86ef" lookupentity="businessunit" lookupentityname="org8c5d7ab2" />
        <field name="owninguser" value="8703a2f4-820f-ed11-b83c-000d3a3a86ef" lookupentity="systemuser" />
        <field name="govc_jobapplicationstagedescription" value="Screening in progress" />
        <field name="statecode" value="0" />
        <field name="statuscode" value="1" />
      </record>
      <record id="7ec97d57-4c25-ed11-b83d-000d3a25b1bb">
        <field name="createdby" value="8703a2f4-820f-ed11-b83c-000d3a3a86ef" lookupentity="systemuser" lookupentityname="System Administrator" />
        <field name="createdon" value="2022-08-26T14:35:43.0000000Z" />
        <field name="govc_jobapplicationstageid" value="7ec97d57-4c25-ed11-b83d-000d3a25b1bb" />
        <field name="modifiedby" value="8703a2f4-820f-ed11-b83c-000d3a3a86ef" lookupentity="systemuser" lookupentityname="System Administrator" />
        <field name="modifiedon" value="2022-09-01T13:05:27.0000000Z" />
        <field name="govc_name" value="Open - Screened" />
        <field name="ownerid" value="8703a2f4-820f-ed11-b83c-000d3a3a86ef" lookupentity="systemuser" lookupentityname="System Administrator" />
        <field name="owningbusinessunit" value="4fea69e8-820f-ed11-b83c-000d3a3a86ef" lookupentity="businessunit" lookupentityname="org8c5d7ab2" />
        <field name="owninguser" value="8703a2f4-820f-ed11-b83c-000d3a3a86ef" lookupentity="systemuser" />
        <field name="govc_jobapplicationstagedescription" value="Screening has completed" />
        <field name="statecode" value="0" />
        <field name="statuscode" value="1" />
      </record>
      <record id="d3f1d269-4c25-ed11-b83d-000d3a25b1bb">
        <field name="createdby" value="8703a2f4-820f-ed11-b83c-000d3a3a86ef" lookupentity="systemuser" lookupentityname="System Administrator" />
        <field name="createdon" value="2022-08-26T14:36:05.0000000Z" />
        <field name="govc_jobapplicationstageid" value="d3f1d269-4c25-ed11-b83d-000d3a25b1bb" />
        <field name="modifiedby" value="8703a2f4-820f-ed11-b83c-000d3a3a86ef" lookupentity="systemuser" lookupentityname="System Administrator" />
        <field name="modifiedon" value="2022-09-01T13:05:05.0000000Z" />
        <field name="govc_name" value="Closed - Not Selected" />
        <field name="ownerid" value="8703a2f4-820f-ed11-b83c-000d3a3a86ef" lookupentity="systemuser" lookupentityname="System Administrator" />
        <field name="owningbusinessunit" value="4fea69e8-820f-ed11-b83c-000d3a3a86ef" lookupentity="businessunit" lookupentityname="org8c5d7ab2" />
        <field name="owninguser" value="8703a2f4-820f-ed11-b83c-000d3a3a86ef" lookupentity="systemuser" />
        <field name="govc_setsapplicationinactive" value="True" />
        <field name="govc_jobapplicationstagedescription" value="Not selected for role" />
        <field name="statecode" value="0" />
        <field name="statuscode" value="1" />
      </record>
      <record id="97f7d087-4c25-ed11-b83d-000d3a25b1bb">
        <field name="createdby" value="8703a2f4-820f-ed11-b83c-000d3a3a86ef" lookupentity="systemuser" lookupentityname="System Administrator" />
        <field name="createdon" value="2022-08-26T14:37:03.0000000Z" />
        <field name="govc_jobapplicationstageid" value="97f7d087-4c25-ed11-b83d-000d3a25b1bb" />
        <field name="modifiedby" value="8703a2f4-820f-ed11-b83c-000d3a3a86ef" lookupentity="systemuser" lookupentityname="System Administrator" />
        <field name="modifiedon" value="2022-09-01T13:05:52.0000000Z" />
        <field name="govc_name" value="Closed - Withdrawn" />
        <field name="ownerid" value="8703a2f4-820f-ed11-b83c-000d3a3a86ef" lookupentity="systemuser" lookupentityname="System Administrator" />
        <field name="owningbusinessunit" value="4fea69e8-820f-ed11-b83c-000d3a3a86ef" lookupentity="businessunit" lookupentityname="org8c5d7ab2" />
        <field name="owninguser" value="8703a2f4-820f-ed11-b83c-000d3a3a86ef" lookupentity="systemuser" />
        <field name="govc_setsapplicationinactive" value="True" />
        <field name="govc_jobapplicationstagedescription" value="Application or role has been withdrawn, either by department or by applicant" />
        <field name="statecode" value="0" />
        <field name="statuscode" value="1" />
      </record>
      <record id="5748f0a1-4c25-ed11-b83d-000d3a25b1bb">
        <field name="createdby" value="8703a2f4-820f-ed11-b83c-000d3a3a86ef" lookupentity="systemuser" lookupentityname="System Administrator" />
        <field name="createdon" value="2022-08-26T14:37:39.0000000Z" />
        <field name="govc_jobapplicationstageid" value="5748f0a1-4c25-ed11-b83d-000d3a25b1bb" />
        <field name="modifiedby" value="8703a2f4-820f-ed11-b83c-000d3a3a86ef" lookupentity="systemuser" lookupentityname="System Administrator" />
        <field name="modifiedon" value="2022-09-01T13:05:18.0000000Z" />
        <field name="govc_name" value="Closed - Post Filled" />
        <field name="ownerid" value="8703a2f4-820f-ed11-b83c-000d3a3a86ef" lookupentity="systemuser" lookupentityname="System Administrator" />
        <field name="owningbusinessunit" value="4fea69e8-820f-ed11-b83c-000d3a3a86ef" lookupentity="businessunit" lookupentityname="org8c5d7ab2" />
        <field name="owninguser" value="8703a2f4-820f-ed11-b83c-000d3a3a86ef" lookupentity="systemuser" />
        <field name="govc_setsapplicationinactive" value="True" />
        <field name="govc_jobapplicationstagedescription" value="Application is closed" />
        <field name="statecode" value="0" />
        <field name="statuscode" value="1" />
      </record>
    </records>
    <m2mrelationships />
  </entity>
</entities>