<ImportExportXml version="9.2.22084.190" SolutionPackageVersion="9.2" languagecode="1033" generatedBy="CrmLive" xmlns:xsi="http://www.w3.org/2001/XMLSchema-instance">
  <SolutionManifest>
    <UniqueName>Z83</UniqueName>
    <LocalizedNames>
      <LocalizedName description="Z83" languagecode="1033" />
    </LocalizedNames>
    <Descriptions />
    <Version>1.0.0.7</Version>
    <Managed>0</Managed>
    <Publisher>
      <UniqueName>GovContoso</UniqueName>
      <LocalizedNames>
        <LocalizedName description="Gov Contoso" languagecode="1033" />
      </LocalizedNames>
      <Descriptions />
      <EMailAddress xsi:nil="true"></EMailAddress>
      <SupportingWebsiteUrl xsi:nil="true"></SupportingWebsiteUrl>
      <CustomizationPrefix>govc</CustomizationPrefix>
      <CustomizationOptionValuePrefix>43813</CustomizationOptionValuePrefix>
      <Addresses>
        <Address>
          <AddressNumber>1</AddressNumber>
          <AddressTypeCode>1</AddressTypeCode>
          <City xsi:nil="true"></City>
          <County xsi:nil="true"></County>
          <Country xsi:nil="true"></Country>
          <Fax xsi:nil="true"></Fax>
          <FreightTermsCode xsi:nil="true"></FreightTermsCode>
          <ImportSequenceNumber xsi:nil="true"></ImportSequenceNumber>
          <Latitude xsi:nil="true"></Latitude>
          <Line1 xsi:nil="true"></Line1>
          <Line2 xsi:nil="true"></Line2>
          <Line3 xsi:nil="true"></Line3>
          <Longitude xsi:nil="true"></Longitude>
          <Name xsi:nil="true"></Name>
          <PostalCode xsi:nil="true"></PostalCode>
          <PostOfficeBox xsi:nil="true"></PostOfficeBox>
          <PrimaryContactName xsi:nil="true"></PrimaryContactName>
          <ShippingMethodCode>1</ShippingMethodCode>
          <StateOrProvince xsi:nil="true"></StateOrProvince>
          <Telephone1 xsi:nil="true"></Telephone1>
          <Telephone2 xsi:nil="true"></Telephone2>
          <Telephone3 xsi:nil="true"></Telephone3>
          <TimeZoneRuleVersionNumber xsi:nil="true"></TimeZoneRuleVersionNumber>
          <UPSZone xsi:nil="true"></UPSZone>
          <UTCOffset xsi:nil="true"></UTCOffset>
          <UTCConversionTimeZoneCode xsi:nil="true"></UTCConversionTimeZoneCode>
        </Address>
        <Address>
          <AddressNumber>2</AddressNumber>
          <AddressTypeCode>1</AddressTypeCode>
          <City xsi:nil="true"></City>
          <County xsi:nil="true"></County>
          <Country xsi:nil="true"></Country>
          <Fax xsi:nil="true"></Fax>
          <FreightTermsCode xsi:nil="true"></FreightTermsCode>
          <ImportSequenceNumber xsi:nil="true"></ImportSequenceNumber>
          <Latitude xsi:nil="true"></Latitude>
          <Line1 xsi:nil="true"></Line1>
          <Line2 xsi:nil="true"></Line2>
          <Line3 xsi:nil="true"></Line3>
          <Longitude xsi:nil="true"></Longitude>
          <Name xsi:nil="true"></Name>
          <PostalCode xsi:nil="true"></PostalCode>
          <PostOfficeBox xsi:nil="true"></PostOfficeBox>
          <PrimaryContactName xsi:nil="true"></PrimaryContactName>
          <ShippingMethodCode>1</ShippingMethodCode>
          <StateOrProvince xsi:nil="true"></StateOrProvince>
          <Telephone1 xsi:nil="true"></Telephone1>
          <Telephone2 xsi:nil="true"></Telephone2>
          <Telephone3 xsi:nil="true"></Telephone3>
          <TimeZoneRuleVersionNumber xsi:nil="true"></TimeZoneRuleVersionNumber>
          <UPSZone xsi:nil="true"></UPSZone>
          <UTCOffset xsi:nil="true"></UTCOffset>
          <UTCConversionTimeZoneCode xsi:nil="true"></UTCConversionTimeZoneCode>
        </Address>
      </Addresses>
    </Publisher>
    <RootComponents>
      <RootComponent type="1" schemaName="govc_employmentlocation" behavior="0" />
      <RootComponent type="1" schemaName="govc_internaldepartment" behavior="0" />
      <RootComponent type="1" schemaName="govc_jobapplication" behavior="0" />
      <RootComponent type="1" schemaName="govc_jobapplicationstage" behavior="0" />
      <RootComponent type="1" schemaName="govc_jobreference" behavior="0" />
      <RootComponent type="1" schemaName="govc_jobvacancy" behavior="0" />
      <RootComponent type="1" schemaName="govc_jobvacancystage" behavior="0" />
      <RootComponent type="1" schemaName="govc_languageprofiency" behavior="0" />
      <RootComponent type="1" schemaName="govc_qualification" behavior="0" />
      <RootComponent type="1" schemaName="govc_qualificationlevel" behavior="0" />
      <RootComponent type="1" schemaName="govc_workexperience" behavior="0" />
      <RootComponent type="1" schemaName="govc_z83setting" behavior="0" />
      <RootComponent type="9" schemaName="govc_southafricanlanguages" behavior="0" />
      <RootComponent type="9" schemaName="govc_southafricaprovinces" behavior="0" />
      <RootComponent type="29" id="{08336374-bf18-ed11-b83e-000d3abdc0f1}" behavior="0" />
      <RootComponent type="29" id="{20468c60-5324-ed11-b83d-000d3a25b1bb}" behavior="0" />
      <RootComponent type="29" id="{2e757010-bf18-ed11-b83e-000d3abdc0f1}" behavior="0" />
      <RootComponent type="29" id="{5af00ea5-be18-ed11-b83e-000d3abdc0f1}" behavior="0" />
      <RootComponent type="29" id="{64a63a4e-c418-ed11-b83e-000d3abdc0f1}" behavior="0" />
      <RootComponent type="29" id="{6bd699f6-bf18-ed11-b83e-000d3abdc0f1}" behavior="0" />
      <RootComponent type="29" id="{80d61a6e-4925-ed11-b83d-000d3a25b1bb}" behavior="0" />
      <RootComponent type="29" id="{86355e24-6832-ed11-9db1-000d3a25b1bb}" behavior="0" />
      <RootComponent type="29" id="{92759019-c518-ed11-b83e-000d3abdc0f1}" behavior="0" />
      <RootComponent type="29" id="{9dd871a7-c018-ed11-b83e-000d3abdc0f1}" behavior="0" />
      <RootComponent type="29" id="{a1fc0978-7f21-ed11-b83d-000d3a25b1bb}" behavior="0" />
      <RootComponent type="29" id="{a3538aa7-e834-ed11-9db1-000d3a25b1bb}" behavior="0" />
      <RootComponent type="29" id="{a6273986-8023-ed11-b83d-000d3a25b1bb}" behavior="0" />
      <RootComponent type="29" id="{c9d07ded-bf18-ed11-b83e-000d3abdc0f1}" behavior="0" />
      <RootComponent type="29" id="{e39d173a-fd29-ed11-9db1-000d3a25b1bb}" behavior="0" />
      <RootComponent type="29" id="{f1845215-7519-ed11-b83e-000d3abdc0f1}" behavior="0" />
      <RootComponent type="60" id="{033c2ae6-9435-ed11-9db1-000d3a25b1bb}" behavior="0" />
      <RootComponent type="60" id="{9d68764e-8f19-ed11-b83e-000d3abdc0f1}" behavior="0" />
      <RootComponent type="61" schemaName="govc_ClipboardIcon" behavior="0" />
      <RootComponent type="61" schemaName="govc_HierachyIcon" behavior="0" />
      <RootComponent type="61" schemaName="govc_IDCardIcon" behavior="0" />
      <RootComponent type="61" schemaName="govc_LeftArrowIcon" behavior="0" />
      <RootComponent type="61" schemaName="govc_LocationIcon" behavior="0" />
      <RootComponent type="61" schemaName="govc_PencilIcon" behavior="0" />
      <RootComponent type="61" schemaName="govc_PersonIcon" behavior="0" />
      <RootComponent type="61" schemaName="govc_SettingsIcon" behavior="0" />
      <RootComponent type="61" schemaName="govc_StepsIcon" behavior="0" />
      <RootComponent type="62" schemaName="govc_Z88Manager" behavior="0" />
      <RootComponent type="80" schemaName="govc_Z88Manager" behavior="0" />
    </RootComponents>
    <MissingDependencies>
      <MissingDependency>
        <Required type="61" schemaName="msdyn_/Images/AppModule_Default_Icon.png" displayName="msdyn_/Images/AppModule_Default_Icon.png" solution="AppModuleWebResources (2.5)" />
        <Dependent type="80" schemaName="govc_Z88Manager" displayName="Z83 Manager" />
      </MissingDependency>
      <MissingDependency>
        <Required type="66" schemaName="MscrmControls.Signature.SignatureControl" displayName="MscrmControls.Signature.SignatureControl" solution="CustomControlsCore (9.2.22084.00190)" />
        <Dependent type="60" displayName="Information" parentDisplayName="Job Application" id="{1aebe3cc-87c9-4e34-8b2e-9fc19f2da58b}" />
      </MissingDependency>
      <MissingDependency>
        <Required type="66" schemaName="MscrmControls.Signature.SignatureControl" displayName="MscrmControls.Signature.SignatureControl" solution="CustomControlsCore (9.2.22084.00190)" />
        <Dependent type="60" displayName="Application Status for Web" parentDisplayName="Job Application" id="{af2b6248-7228-ed11-9db1-000d3a25b1bb}" />
      </MissingDependency>
      <MissingDependency>
        <Required type="66" schemaName="MscrmControls.Signature.SignatureControl" displayName="MscrmControls.Signature.SignatureControl" solution="CustomControlsCore (9.2.22084.00190)" />
        <Dependent type="60" displayName="Information - Edit Allowed" parentDisplayName="Job Application" id="{c663343c-4a25-ed11-b83d-000d3a25b1bb}" />
      </MissingDependency>
      <MissingDependency>
        <Required type="66" schemaName="MscrmControls.Signature.SignatureControl" displayName="MscrmControls.Signature.SignatureControl" solution="CustomControlsCore (9.2.22084.00190)" />
        <Dependent type="60" displayName="Main Web Form" parentDisplayName="Job Application" id="{c97d999b-351a-ed11-b83e-000d3abdc0f1}" />
      </MissingDependency>
      <MissingDependency>
        <Required type="SettingDefinition" displayName="EnablePowerBIQuickReport" solution="SettingDefinitionsData (9.1.22073.220708001)" id.uniquename="EnablePowerBIQuickReport" />
        <Dependent type="AppSetting" displayName="parentappmoduleid.uniquename=govc_Z88Manager,settingdefinitionid.uniquename=EnablePowerBIQuickReport" id.parentappmoduleid.uniquename="govc_Z88Manager" id.settingdefinitionid.uniquename="EnablePowerBIQuickReport" />
      </MissingDependency>
    </MissingDependencies>
  </SolutionManifest>
</ImportExportXml>